{"Validation PPL": 89.67876318576472, "Test PPL": 85.59158106106328, "Epoch": 39, "_timestamp": 1664398740.0406375, "_runtime": 5883.972190380096, "_step": 39, "_wandb": {"runtime": 5882}}